question_id,question_text,response_options,problem_description,source,code_label
Q1,"This is a moderately close-knit neighborhood. Would you say you strongly agree, agree, disagree or strongly disagree?","1=Strongly agree, 2=Agree, 3=Disagree, 4=Strongly disagree, 9=DK/REF","The response options provided ('strongly agree', 'agree', 'disagree', 'strongly disagree') lack clarity and do not include a neutral option. This can lead to uncertainty about how to accurately express one's opinion, particularly regarding the distinction between 'agree' and 'strongly agree'.",GPT,RESPONSE SCALE CLARITY
Q1,"This is a moderately close-knit neighborhood. Would you say you strongly agree, agree, disagree or strongly disagree?","1=Strongly agree, 2=Agree, 3=Disagree, 4=Strongly disagree, 9=DK/REF","The use of numbers instead of words for response options, and the inclusion of 'DK/REF' as an option, led to confusion.",Qwen,Response option confusion
Q2,People around here are willing to help people they know as well as people they don't know.,"1=Strongly agree, 2=Agree, 3=Disagree, 4=Strongly disagree, 9=DK/REF","The question contains ambiguity regarding the terms 'willing to help' and 'help,' leading to confusion about what types of assistance are being referenced and how respondents interpret these concepts.",GPT,Ambiguity in Helping
Q2,People around here are willing to help people they know as well as people they don't know.,"1=Strongly agree, 2=Agree, 3=Disagree, 4=Strongly disagree, 9=DK/REF","The limited response options and vagueness in the scale used for agreement assessment hinder respondents' ability to accurately express their views, leading to potential misinterpretation of their willingness to help.",GPT,Response Options Limitations
Q2,People around here are willing to help people they know as well as people they don't know.,"1=Strongly agree, 2=Agree, 3=Disagree, 4=Strongly disagree, 9=DK/REF","The question presumes a consistent level of willingness to help both known and unknown individuals, which may not always be the case. This assumption can lead to misinterpretation or misunderstanding of the respondent’s true feelings about helping others.",Qwen,Presumption of Consistent Willingness
Q2,People around here are willing to help people they know as well as people they don't know.,"1=Strongly agree, 2=Agree, 3=Disagree, 4=Strongly disagree, 9=DK/REF",The binary response options ('Agree' vs. 'Strongly Agree') are subtle and may not capture the nuanced differences in respondents’ feelings about helping known and unknown individuals. This can result in responses that do not fully reflect the respondent’s true opinion.,Qwen,Subtle Response Options
Q2,People around here are willing to help people they know as well as people they don't know.,"1=Strongly agree, 2=Agree, 3=Disagree, 4=Strongly disagree, 9=DK/REF","The question does not specify a timeframe for the behavior being described, which can lead to confusion about when the willingness to help applies. This ambiguity can affect the accuracy of the responses provided by the respondents.",Qwen,Lack of Timeframe Specification
Q3,Children in this neighborhood often don't get along with each other.,"1=Strongly agree, 2=Agree, 3=Disagree, 4=Strongly disagree, 9=DK/REF","The survey lacks neutral response options and a comprehensive response scale, which limits respondents' ability to express their views accurately. Additionally, the question does not provide sufficient context or examples to clarify the interactions and behaviors being referenced, leading to confusion.",GPT,RESPONSE OPTIONS AND CONTEXT
Q3,Children in this neighborhood often don't get along with each other.,"1=Strongly agree, 2=Agree, 3=Disagree, 4=Strongly disagree, 9=DK/REF","The question's vague phrasing and assumptions about respondents' familiarity with neighborhood dynamics and children's interactions create cognitive demands that may hinder accurate responses. Respondents may feel uncertain about the frequency and nature of conflicts among children, leading to hesitation in answering.",GPT,Cognitive Complexity and Presupposition
Q3,Children in this neighborhood often don't get along with each other.,"1=Strongly agree, 2=Agree, 3=Disagree, 4=Strongly disagree, 9=DK/REF","The statement is ambiguous and subjective, which can lead to confusion and difficulty in forming a clear opinion. The term 'don't get along' is vague and could imply various behaviors, while 'neighborhood' is not clearly defined, potentially encompassing a larger area than intended. Additionally, the age range of the children is unspecified, and the frequency of the behavior ('often') is subjective.",Qwen,Ambiguity and Subjectivity
Q3,Children in this neighborhood often don't get along with each other.,"1=Strongly agree, 2=Agree, 3=Disagree, 4=Strongly disagree, 9=DK/REF","The statement is overly broad and generalizes the behavior of children in the neighborhood without providing specific details. Furthermore, the term 'neighborhood' is not clearly defined, leading to uncertainty about the specific area being referred to.",Qwen,Generalization and Lack of Local Context
Q3,Children in this neighborhood often don't get along with each other.,"1=Strongly agree, 2=Agree, 3=Disagree, 4=Strongly disagree, 9=DK/REF","The term 'often' is vague and subjective, making it unclear how frequently the described behavior occurs.",Qwen,Frequency Uncertainty
Q4,People in this neighborhood share different values.,"1=Strongly agree, 2=Agree, 3=Disagree, 4=Strongly disagree, 9=DK/REF","Ambiguity regarding the term 'neighborhood' and the broadness of 'values' creates confusion about what specific aspects are being referenced, making it difficult for respondents to understand the context of the question.",GPT,NEIGHBORHOOD AND VALUES
Q4,People in this neighborhood share different values.,"1=Strongly agree, 2=Agree, 3=Disagree, 4=Strongly disagree, 9=DK/REF","Limited response scale options and overall lack of clarity in the question contribute to confusion about its intent and focus, making it challenging for respondents to select an appropriate response.",GPT,RESPONSE OPTIONS AND QUESTION CLARITY
Q4,People in this neighborhood share different values.,"1=Strongly agree, 2=Agree, 3=Disagree, 4=Strongly disagree, 9=DK/REF","The response options use numbers from 1 to 4 for agreement levels, which can be confusing, and the 'DK/REF' option is unclear, making it difficult for respondents to provide a clear and meaningful answer.",Qwen,Response Clarity
Q5,"Mostly, you continue to trust people in this neighborhood.","1=Strongly agree, 2=Agree, 3=Disagree, 4=Strongly disagree, 9=DK/REF","There is a lack of clarity regarding how to evaluate trust and the criteria for measuring it. Additionally, the limited and unclear response options do not capture nuanced feelings about trust, which can hinder accurate responses.",GPT,Evaluation and Response Limitations
Q5,"Mostly, you continue to trust people in this neighborhood.","1=Strongly agree, 2=Agree, 3=Disagree, 4=Strongly disagree, 9=DK/REF","The question uses vague and subjective terms such as 'mostly' and 'trust,' which can lead to confusion and inconsistency in responses. The term 'mostly' is ambiguous regarding the frequency or extent of trust, while 'trust' is broad and subjective, making it difficult to gauge the level of trust accurately.",Qwen,Vague and Subjective Language
Q5,"Mostly, you continue to trust people in this neighborhood.","1=Strongly agree, 2=Agree, 3=Disagree, 4=Strongly disagree, 9=DK/REF","The question is complex and cognitively demanding due to its length and the need to consider multiple factors such as trust, neighborhood, and frequency. Additionally, the inclusion of '9=DK/REF' adds to the complexity and can cause confusion.",Qwen,Complexity and Cognitive Load
Q6,"If a group of neighborhood children were hanging out on a street corner, how likely is it that your neighbors would do something about it? Would you say it is very likely, likely, unlikely, or very unlikely?","1=Very likely, 2=Likely, 3=Unlikely, 4=Very unlikely, 9=DK/REF","The response options provided are limited and vague, which does not allow for nuanced answers. Respondents may feel that their true opinions are not adequately captured by the available choices.",GPT,Limited Response Options
Q6,"If a group of neighborhood children were hanging out on a street corner, how likely is it that your neighbors would do something about it? Would you say it is very likely, likely, unlikely, or very unlikely?","1=Very likely, 2=Likely, 3=Unlikely, 4=Very unlikely, 9=DK/REF","The response options are too extreme and do not provide a neutral middle ground, making it difficult to express nuanced opinions. Furthermore, the question presupposes that neighbors would take some form of action, which may not be true for all respondents. This can lead to biased responses and misinterpretation of the respondent's actual beliefs or experiences.",Qwen,Response Options and Presuppositions
Q6,"If a group of neighborhood children were hanging out on a street corner, how likely is it that your neighbors would do something about it? Would you say it is very likely, likely, unlikely, or very unlikely?","1=Very likely, 2=Likely, 3=Unlikely, 4=Very unlikely, 9=DK/REF","The question does not account for cultural and personal differences in how neighbors might behave or perceive such situations. It also lacks context about the specific location, the nature of the children's behavior, and the relationship between the respondent and their neighbors, which can significantly influence the likelihood and nature of any actions taken.",Qwen,Contextual and Cultural Variability
Q6,"If a group of neighborhood children were hanging out on a street corner, how likely is it that your neighbors would do something about it? Would you say it is very likely, likely, unlikely, or very unlikely?","1=Very likely, 2=Likely, 3=Unlikely, 4=Very unlikely, 9=DK/REF","The question does not specify a timeframe for the behavior of the children, making it difficult to assess the likelihood of neighbors taking action. This ambiguity can lead to inconsistent responses based on different interpretations of when the behavior occurred or will occur.",Qwen,Timeframe and Reference Period Issues
Q7,"If some children were spray-painting graffiti on a local building or playing a game on the sidewalk, how likely is it that your neighbors would do something about it?","1=Very likely, 2=Likely, 3=Unlikely, 4=Very unlikely, 9=DK/REF","The phrase 'doing something about it' is ambiguous, leading to confusion about what specific actions neighbors might take in response to the activities described. This lack of clarity can cause respondents to struggle with how to interpret and answer the question.",GPT,UNCLEAR ACTIONS
Q7,"If some children were spray-painting graffiti on a local building or playing a game on the sidewalk, how likely is it that your neighbors would do something about it?","1=Very likely, 2=Likely, 3=Unlikely, 4=Very unlikely, 9=DK/REF","The terms 'Likely' and 'Very likely' are subjective and vague, making it challenging for respondents to differentiate between the two options. This ambiguity can lead to uncertainty in their responses and affect the reliability of the data collected.",GPT,SUBJECTIVITY IN LIKELIHOOD
Q7,"If some children were spray-painting graffiti on a local building or playing a game on the sidewalk, how likely is it that your neighbors would do something about it?","1=Very likely, 2=Likely, 3=Unlikely, 4=Very unlikely, 9=DK/REF","The overall complexity and length of the question may overwhelm respondents, leading to cognitive demand that hinders their understanding and ability to answer accurately. This complexity can result in a lack of clarity and increased uncertainty in responses.",GPT,QUESTION COMPLEXITY
Q7,"If some children were spray-painting graffiti on a local building or playing a game on the sidewalk, how likely is it that your neighbors would do something about it?","1=Very likely, 2=Likely, 3=Unlikely, 4=Very unlikely, 9=DK/REF","The question makes assumptions about neighbor behavior and community norms, which can vary widely. It also includes vague terms that can be interpreted differently by respondents, leading to variability in answers. Additionally, the response option '9 = DK/REF' may confuse some respondents who are unsure but do not want to select a less definitive option.",Qwen,Assumptions and Variability
Q8,"If a child was showing disrespect to an adult, how unlikely is it that people in your neighborhood would scold that child?","1=Very likely, 2=Likely, 3=Unlikely, 4=Very unlikely, 9=DK/REF","Respondents may struggle with the meanings of key terms such as 'scold' and 'disrespect,' leading to varied interpretations of the question. This confusion can result in inconsistent responses as individuals may have different thresholds for what constitutes scolding or disrespectful behavior.",GPT,Terminology Confusion
Q8,"If a child was showing disrespect to an adult, how unlikely is it that people in your neighborhood would scold that child?","1=Very likely, 2=Likely, 3=Unlikely, 4=Very unlikely, 9=DK/REF","The phrase 'people in your neighborhood' is vague, leaving respondents uncertain about who is included in this group. Additionally, the context of the behavior and its cultural implications can vary significantly, affecting how respondents perceive and react to the situation described.",GPT,Ambiguity in Context
Q8,"If a child was showing disrespect to an adult, how unlikely is it that people in your neighborhood would scold that child?","1=Very likely, 2=Likely, 3=Unlikely, 4=Very unlikely, 9=DK/REF","The question's complexity requires respondents to consider multiple factors, such as individual relationships and community dynamics, which can lead to cognitive overload. This complexity may hinder their ability to provide a clear and definitive answer.",GPT,Complexity and Cognitive Load
Q8,"If a child was showing disrespect to an adult, how unlikely is it that people in your neighborhood would scold that child?","1=Very likely, 2=Likely, 3=Unlikely, 4=Very unlikely, 9=DK/REF","Respondents may find it difficult to distinguish between the response options, particularly regarding terms like 'likely' and 'very likely.' This confusion can lead to inconsistent interpretations of the scale and affect the reliability of the responses.",GPT,Response Options Confusion
Q8,"If a child was showing disrespect to an adult, how unlikely is it that people in your neighborhood would scold that child?","1=Very likely, 2=Likely, 3=Unlikely, 4=Very unlikely, 9=DK/REF","Overall ambiguity in the question's wording and phrasing can create uncertainty for respondents, making it challenging for them to provide a definitive answer. This general lack of clarity can undermine the validity of the survey results.",GPT,General Ambiguity
Q8,"If a child was showing disrespect to an adult, how unlikely is it that people in your neighborhood would scold that child?","1=Very likely, 2=Likely, 3=Unlikely, 4=Very unlikely, 9=DK/REF","The question contains multiple elements that are ambiguous or vague, which can lead to confusion and misinterpretation by respondents. Specifically, the term 'neighborhood' is unclear whether it refers to immediate neighbors or a broader community. Additionally, the terms 'scold' and 'disrespect' are also ambiguous, with respondents unsure of the exact level of reprimand and the specific behavior being referred to.",Qwen,Ambiguity and Vagueness in Question Elements
Q8,"If a child was showing disrespect to an adult, how unlikely is it that people in your neighborhood would scold that child?","1=Very likely, 2=Likely, 3=Unlikely, 4=Very unlikely, 9=DK/REF","The question lacks specific details about the context, frequency, and severity of the disrespectful behavior, making it difficult for respondents to accurately gauge the likelihood of scolding. This ambiguity can lead to varied interpretations and responses.",Qwen,Lack of Context and Specification
Q9,How likely would it be for your neighbors to break up a fight that was occurring in front of your house where someone was being threatened or was being beaten?,"1=Very likely, 2=Likely, 3=Unlikely, 4=Very unlikely, 9=DK/REF","Lack of clarity regarding the terms 'likely' and 'very likely' creates confusion about how respondents should interpret the likelihood scale, leading to variability in responses.",GPT,LIKELIHOOD CLARITY
Q9,How likely would it be for your neighbors to break up a fight that was occurring in front of your house where someone was being threatened or was being beaten?,"1=Very likely, 2=Likely, 3=Unlikely, 4=Very unlikely, 9=DK/REF","Respondents are uncertain about the severity of the situation described, particularly the distinction between 'threatened' and 'being beaten.' This ambiguity affects their perception of the likelihood of neighbors intervening.",Qwen,Uncertainty About Scenario Severity
Q9,How likely would it be for your neighbors to break up a fight that was occurring in front of your house where someone was being threatened or was being beaten?,"1=Very likely, 2=Likely, 3=Unlikely, 4=Very unlikely, 9=DK/REF",Safety concerns about intervening in a potentially violent situation influence respondents' answers. These concerns include the risk of personal harm and the effectiveness of neighbors in such scenarios.,Qwen,Safety and Intervention Concerns
Q9,How likely would it be for your neighbors to break up a fight that was occurring in front of your house where someone was being threatened or was being beaten?,"1=Very likely, 2=Likely, 3=Unlikely, 4=Very unlikely, 9=DK/REF","Differences in community norms, cultural and social contexts, and individual health and age considerations affect the likelihood of neighbors intervening. These factors vary widely and can significantly impact how respondents perceive the scenario and their willingness to intervene.",Qwen,Community and Cultural Variability
Q10,"Suppose that because of budget cuts, the fire station closest to your home was going to be closed down by the city. How likely is it that neighborhood residents would agree to tax increases and organize an action group to try to keep the fire station open?","1=Very likely, 2=Likely, 3=Unlikely, 4=Very unlikely, 9=DK/REF","Ambiguity and uncertainty surrounding the term 'organize an action group', including challenges related to time, resources, community dynamics, and the presupposition of community willingness to engage. This complexity can lead to confusion about the feasibility of organizing such efforts.",GPT,COMMUNITY ORGANIZATION CHALLENGES
Q10,"Suppose that because of budget cuts, the fire station closest to your home was going to be closed down by the city. How likely is it that neighborhood residents would agree to tax increases and organize an action group to try to keep the fire station open?","1=Very likely, 2=Likely, 3=Unlikely, 4=Very unlikely, 9=DK/REF","Vagueness and uncertainty regarding the terms 'budget cuts' and 'tax increases', including community perceptions and sentiments about these financial issues. The lack of specificity about the amount of tax increase further complicates respondents' ability to assess their support for such measures.",GPT,BUDGET CUTS AND TAX INCREASES
Q10,"Suppose that because of budget cuts, the fire station closest to your home was going to be closed down by the city. How likely is it that neighborhood residents would agree to tax increases and organize an action group to try to keep the fire station open?","1=Very likely, 2=Likely, 3=Unlikely, 4=Very unlikely, 9=DK/REF","The terms 'tax increases', 'organize an action group', 'budget cuts', and 'neighborhood residents' were unclear, with respondents unsure about the specific details or implications of each term.",Qwen,Ambiguity in Terms
Q10,"Suppose that because of budget cuts, the fire station closest to your home was going to be closed down by the city. How likely is it that neighborhood residents would agree to tax increases and organize an action group to try to keep the fire station open?","1=Very likely, 2=Likely, 3=Unlikely, 4=Very unlikely, 9=DK/REF","The question was lengthy and complex, making it difficult for respondents to process all the information at once, and did not specify a timeframe for the behavior it was asking about.",Qwen,Question Length and Complexity
Q10,"Suppose that because of budget cuts, the fire station closest to your home was going to be closed down by the city. How likely is it that neighborhood residents would agree to tax increases and organize an action group to try to keep the fire station open?","1=Very likely, 2=Likely, 3=Unlikely, 4=Very unlikely, 9=DK/REF","Respondents were unsure how to map their desired response to the available options, particularly regarding the level of tax increases and the actions required.",Qwen,Response Options
Q11,How many times have you moved?,"________ times, 99=DK/REF","Confusion regarding the response options, particularly the abbreviation '99=DK/REF', and uncertainty about how to respond when unsure of the exact number. This leads to a lack of confidence in answering due to vague phrasing and insufficient context.",GPT,RESPONSE OPTIONS AND CONFIDENCE
Q12,"We'd like to know whether or not you feel good about various things in this country and in your life. Do you feel good about the quality of the air, water and environment where you live and work, or not?","1=Yes, good, 2=Not good, 9=DK/REF","The question contains ambiguity regarding the interpretation of 'quality of the air, water, and environment,' leading to uncertainty about what specific aspects are being assessed. This lack of clarity makes it difficult for respondents to provide accurate answers.",GPT,QUALITY AND AMBIGUITY
Q12,"We'd like to know whether or not you feel good about various things in this country and in your life. Do you feel good about the quality of the air, water and environment where you live and work, or not?","1=Yes, good, 2=Not good, 9=DK/REF","The subjectivity of terms like 'feel good' and 'quality' creates challenges for respondents in expressing their feelings accurately. Additionally, the lack of clarity in the question and response options further complicates understanding and answering.",GPT,SUBJECTIVITY AND CLARITY
Q12,"We'd like to know whether or not you feel good about various things in this country and in your life. Do you feel good about the quality of the air, water and environment where you live and work, or not?","1=Yes, good, 2=Not good, 9=DK/REF","Confusion regarding the locations referenced in the question, such as 'where you live and work,' along with uncertainty about whether the question refers to current conditions, long-term trends, or personal experiences, complicates the respondent's ability to provide a clear answer.",GPT,LOCATION AND TIMEFRAME
Q12,"We'd like to know whether or not you feel good about various things in this country and in your life. Do you feel good about the quality of the air, water and environment where you live and work, or not?","1=Yes, good, 2=Not good, 9=DK/REF","The terms 'quality', 'environment', and 'water' are subjective and can vary based on individual perspectives, making it difficult to provide a single answer. Additionally, the phrases 'environment where you live and work', 'quality of the air, water and environment', and 'where you live and work' are broad and can be interpreted in multiple ways, leading to confusion. This ambiguity makes it challenging for respondents to provide a clear and accurate response.",Qwen,Subjective and Ambiguous Terms
Q12,"We'd like to know whether or not you feel good about various things in this country and in your life. Do you feel good about the quality of the air, water and environment where you live and work, or not?","1=Yes, good, 2=Not good, 9=DK/REF","The terms 'good' and 'not good' are subjective and require evaluation based on personal experience and trends, making it difficult to provide a definitive answer. The terms 'quality' and 'environment' are also subjective and can vary based on individual perspectives, further complicating the response.",Qwen,Ambiguity and Subjectivity
Q12,"We'd like to know whether or not you feel good about various things in this country and in your life. Do you feel good about the quality of the air, water and environment where you live and work, or not?","1=Yes, good, 2=Not good, 9=DK/REF","The timeframe for the question is not specified, making it difficult to provide a definitive answer based on current or past experiences. Respondents may struggle to recall or evaluate their feelings over an unspecified period.",Qwen,Lack of Reference Period Clarity
Q12,"We'd like to know whether or not you feel good about various things in this country and in your life. Do you feel good about the quality of the air, water and environment where you live and work, or not?","1=Yes, good, 2=Not good, 9=DK/REF",The question wording pushes toward a particular answer by using broad terms that may not reflect the respondent's true feelings about specific aspects of the environment. This can lead to biased responses and may not capture the nuanced views of the respondents.,Qwen,Leading Question
Q13,"In the near future, do you think the country's environment is much more likely to get better or worse?","1=Better, 2=Worse, 9=DK/REF","The overall structure of the question introduces ambiguity and complexity, making it cognitively demanding for respondents to weigh the likelihood of improvement against potential negative changes. This can lead to confusion and a lack of confidence in their responses.",GPT,Overall Ambiguity and Complexity
Q13,"In the near future, do you think the country's environment is much more likely to get better or worse?","1=Better, 2=Worse, 9=DK/REF","The terms 'better' and 'worse' are subjective and can be interpreted differently based on personal values and priorities. Furthermore, the response options 'Better' and 'Worse' do not perfectly align with the phrasing 'much more likely.'",Qwen,Subjectivity and Misalignment of Response Options
Q13,"In the near future, do you think the country's environment is much more likely to get better or worse?","1=Better, 2=Worse, 9=DK/REF","The question asks for a binary choice between 'better' and 'worse,' which may not fully capture the complexity of environmental issues. The lack of a specific timeframe and the inclusion of 'DK/REF' options add to the complexity and potential misinterpretation.",Qwen,Complexity and Misinterpretation Due to Binary Choice
Q14,"Do you think that the next generation will live in a better world than we do now in terms of the environment, including air and water quality, biodiversity, nonrenewable resources, and global warming related to hydrocarbons?","1=Yes, 2=No, 9=DK/REF","Respondents experience uncertainty and confusion regarding key environmental terms such as 'biodiversity,' 'nonrenewable resources,' and 'global warming related to hydrocarbons.' This lack of clarity can hinder their ability to understand the implications of these concepts on quality of life and future generations.",GPT,Environmental Concepts Confusion
Q14,"Do you think that the next generation will live in a better world than we do now in terms of the environment, including air and water quality, biodiversity, nonrenewable resources, and global warming related to hydrocarbons?","1=Yes, 2=No, 9=DK/REF","The phrase 'live in a better world' is subjective and vague, leading to uncertainty about what constitutes a 'better world.' This ambiguity can affect how respondents interpret the question and formulate their answers.",GPT,Vagueness of 'Better World'
Q14,"Do you think that the next generation will live in a better world than we do now in terms of the environment, including air and water quality, biodiversity, nonrenewable resources, and global warming related to hydrocarbons?","1=Yes, 2=No, 9=DK/REF","The lack of nuanced response options fails to capture the complexities of the question, which may prevent respondents from expressing their views accurately. This limitation can lead to oversimplified responses that do not reflect the respondents' true opinions.",GPT,Response Options Limitations
Q14,"Do you think that the next generation will live in a better world than we do now in terms of the environment, including air and water quality, biodiversity, nonrenewable resources, and global warming related to hydrocarbons?","1=Yes, 2=No, 9=DK/REF","The question contains assumptions that may not hold true for all respondents, leading to uncertainty. This presupposition can skew responses and affect the validity of the survey results.",GPT,Presuppositions in Question Design
Q14,"Do you think that the next generation will live in a better world than we do now in terms of the environment, including air and water quality, biodiversity, nonrenewable resources, and global warming related to hydrocarbons?","1=Yes, 2=No, 9=DK/REF","Respondents express uncertainty about the future state of environmental factors such as air and water quality, biodiversity, and nonrenewable resources. The question assumes a baseline of current environmental state without providing context, which may bias responses. Additionally, the question wording may push respondents towards a particular answer, such as believing that the environment will improve.",Qwen,Uncertainty and Presupposition
Q15,"I am going to read you a statement. Please tell me if you completely agree with it, mostly agree with it, mostly disagree with it, or completely disagree with it. People should be willing to pay more in order to protect the environment.","1=Completely agree, 2=Mostly agree, 3=Mostly disagree, 4=Completely disagree, 9=DK/REF","The response options provided (completely agree, mostly agree, mostly disagree, completely disagree) may cause confusion and ambiguity, making it difficult for respondents to gauge their level of agreement. Additionally, the absence of a neutral response option could lead to biased responses.",GPT,AGREEMENT RESPONSE OPTIONS
Q15,"I am going to read you a statement. Please tell me if you completely agree with it, mostly agree with it, mostly disagree with it, or completely disagree with it. People should be willing to pay more in order to protect the environment.","1=Completely agree, 2=Mostly agree, 3=Mostly disagree, 4=Completely disagree, 9=DK/REF","The phrasing of the question may imply a moral obligation to pay more, which can influence respondents' answers. Additionally, the lack of a specified timeframe for the willingness to pay more introduces ambiguity, making it difficult for respondents to provide a definitive response.",GPT,LEADING QUESTION AND TIMEFRAME ISSUES
Q15,"I am going to read you a statement. Please tell me if you completely agree with it, mostly agree with it, mostly disagree with it, or completely disagree with it. People should be willing to pay more in order to protect the environment.","1=Completely agree, 2=Mostly agree, 3=Mostly disagree, 4=Completely disagree, 9=DK/REF","The response options, while clear, are seen as restrictive, making it difficult to express nuanced positions between 'mostly agree' and 'completely agree.'",Qwen,Restrictiveness of Response Options
Q15,"I am going to read you a statement. Please tell me if you completely agree with it, mostly agree with it, mostly disagree with it, or completely disagree with it. People should be willing to pay more in order to protect the environment.","1=Completely agree, 2=Mostly agree, 3=Mostly disagree, 4=Completely disagree, 9=DK/REF","The question wording implies that people should be willing to pay more for environmental protection, which may lead respondents to feel pressured into a particular answer. Additionally, the question does not specify a timeframe for when people should be willing to pay more, leading to confusion about the timing of the financial commitment.",Qwen,Leading Question and Reference Period Issues
Q16,"Please tell me, on a scale of 1 to 10, how well does the following term describe you: ""an environmentalist?""",Number from 1-10: _______,"Respondents may face difficulties in accurately assessing their personal beliefs and actions related to environmentalism. This includes uncertainty about how to interpret the scale in relation to their beliefs, actions, or both, which complicates their ability to provide a meaningful response.",GPT,Challenges in Self-Assessment
